Type,Product Name,Variant,Reorder Point,Brand/Model,Manufacturer
Diagnostic Catheter,ŞÓØÑÉ ÊÔÎíÕíÉ 4F,PIG,2,,
Diagnostic Catheter,ŞÓØÑÉ ÊÔÎíÕíÉ 4F,TIG,2,,
Diagnostic Catheter,ŞÓØÑÉ ÊÔÎíÕíÉ 4F,MP,2,,
Diagnostic Catheter,ŞÓØÑÉ ÊÔÎíÕíÉ 4F,SIM,2,,
Diagnostic Catheter,ŞÓØÑÉ ÊÔÎíÕíÉ 5F,PIG,2,,
Diagnostic Catheter,ŞÓØÑÉ ÊÔÎíÕíÉ 5F,TIG,2,,
Diagnostic Catheter,ŞÓØÑÉ ÊÔÎíÕíÉ 5F,MP,2,,
Diagnostic Catheter,ŞÓØÑÉ ÊÔÎíÕíÉ 5F,C2,15,,
Diagnostic Catheter,ŞÓØÑÉ ÊÔÎíÕíÉ 5F,Bern,10,,
Diagnostic Catheter,ŞÓØÑÉ ÊÔÎíÕíÉ 5F,SIM,2,,
Diagnostic Catheter,ŞÓØÑÉ ÊÔÎíÕíÉ,PIG,2,,
Diagnostic Catheter,ŞÓØÑÉ ÊÔÎíÕíÉ,TIG,2,,
Diagnostic Catheter,ŞÓØÑÉ ÊÔÎíÕíÉ,JL4,50,,
Diagnostic Catheter,ŞÓØÑÉ ÊÔÎíÕíÉ,JL3.5,10,,
Diagnostic Catheter,ŞÓØÑÉ ÊÔÎíÕíÉ,JR3.5,50,,
Diagnostic Catheter,ŞÓØÑÉ ÊÔÎíÕíÉ,JR4,10,,
Diagnostic Catheter,ŞÓØÑÉ ÊÔÎíÕíÉ,JL4.5,2,,
Diagnostic Catheter,ŞÓØÑÉ ÊÔÎíÕíÉ,JL5,2,,
Diagnostic Catheter,ŞÓØÑÉ ÊÔÎíÕíÉ,JL6,2,,
Diagnostic Catheter,ŞÓØÑÉ ÊÔÎíÕíÉ,IM,2,,
Diagnostic Catheter,ŞÓØÑÉ ÊÔÎíÕíÉ,AL1,5,,
Diagnostic Catheter,ŞÓØÑÉ ÊÔÎíÕíÉ,AL2,2,,
Diagnostic Catheter,ŞÓØÑÉ ÊÔÎíÕíÉ,AR1,2,,
Diagnostic Catheter,ŞÓØÑÉ ÊÔÎíÕíÉ,AR2,2,,
Diagnostic Catheter,ŞÓØÑÉ ÊÔÎíÕíÉ,willium,5,,
Guiding Catheter,ŞÓØÑÉ ãÑÔÏÉ,JL4,25,,
Guiding Catheter,ŞÓØÑÉ ãÑÔÏÉ,JL3.5,5,,
Guiding Catheter,ŞÓØÑÉ ãÑÔÏÉ,JR3.5,25,,
Guiding Catheter,ŞÓØÑÉ ãÑÔÏÉ,JR4,5,,
Guiding Catheter,ŞÓØÑÉ ãÑÔÏÉ,JL4.5,1,,
Guiding Catheter,ŞÓØÑÉ ãÑÔÏÉ,JL5,1,,
Guiding Catheter,ŞÓØÑÉ ãÑÔÏÉ,JL6,1,,
Guiding Catheter,ŞÓØÑÉ ãÑÔÏÉ,XB3.5,15,,
Guiding Catheter,ŞÓØÑÉ ãÑÔÏÉ,XB4,5,,
Guiding Catheter,ŞÓØÑÉ ãÑÔÏÉ,XB4.5,1,,
Guiding Catheter,ŞÓØÑÉ ãÑÔÏÉ,XB5,1,,
Guiding Catheter,ŞÓØÑÉ ãÑÔÏÉ,EBU3.5,15,,
Guiding Catheter,ŞÓØÑÉ ãÑÔÏÉ,EBU4,5,,
Guiding Catheter,ŞÓØÑÉ ãÑÔÏÉ,EBU4.5,1,,
Guiding Catheter,ŞÓØÑÉ ãÑÔÏÉ,EBU5,1,,
Guiding Catheter,ŞÓØÑÉ ãÑÔÏÉ,AL1,10,,
Guiding Catheter,ŞÓØÑÉ ãÑÔÏÉ,AL2,2,,
Guiding Catheter,ŞÓØÑÉ ãÑÔÏÉ,AR1,2,,
Guiding Catheter,ŞÓØÑÉ ãÑÔÏÉ,AR2,2,,
Guiding Catheter,ŞÓØÑÉ ãÑÔÏÉ,3DRC,2,,
Guiding Catheter,ŞÓØÑÉ ãÑÔÏÉ 7F,JL4,3,,
Guiding Catheter,ŞÓØÑÉ ãÑÔÏÉ 7F,JL3.5,1,,
Guiding Catheter,ŞÓØÑÉ ãÑÔÏÉ 7F,JR3.5,2,,
Guiding Catheter,ŞÓØÑÉ ãÑÔÏÉ 7F,JR4,2,,
Guiding Catheter,ŞÓØÑÉ ãÑÔÏÉ 7F,JL4.5,1,,
Guiding Catheter,ŞÓØÑÉ ãÑÔÏÉ 7F,JL5,1,,
Guiding Catheter,ŞÓØÑÉ ãÑÔÏÉ 7F,JL6,1,,
Guiding Catheter,ŞÓØÑÉ ãÑÔÏÉ 7F,XB3.5,2,,
Guiding Catheter,ŞÓØÑÉ ãÑÔÏÉ 7F,XB4,1,,
Guiding Catheter,ŞÓØÑÉ ãÑÔÏÉ 7F,XB4.5,1,,
Guiding Catheter,ŞÓØÑÉ ãÑÔÏÉ 7F,XB5,1,,
Guiding Catheter,ŞÓØÑÉ ãÑÔÏÉ 7F,EBU3.5,2,,
Guiding Catheter,ŞÓØÑÉ ãÑÔÏÉ 7F,EBU4,1,,
Guiding Catheter,ŞÓØÑÉ ãÑÔÏÉ 7F,EBU4.5,1,,
Guiding Catheter,ŞÓØÑÉ ãÑÔÏÉ 7F,EBU5,1,,
Guiding Catheter,ŞÓØÑÉ ãÑÔÏÉ 7F,AL1,3,,
Guiding Catheter,ŞÓØÑÉ ãÑÔÏÉ 7F,AL2,1,,
Guiding Catheter,ŞÓØÑÉ ãÑÔÏÉ 7F,AR1,1,,
Guiding Catheter,ŞÓØÑÉ ãÑÔÏÉ 7F,AR2,1,,
Guiding Catheter,ŞÓØÑÉ ãÑÔÏÉ 7F,3DRC,1,,
Accessories,ÔíË İíãæÑÇá,,100,,
Accessories,ÔíË İíãæÑÇá 7F,,5,,
Accessories,ÔíË ÑíÏíÇá,,25,,
Accessories,ÔíË İíãæÑÇá ÊíÑæãæ,,25,,
Accessories,ÔíË İíãæÑÇá ßæÑÏÓ,,1,,
Accessories,ÔíË ÑíÏíÇá 7F,,5,,
Accessories,Óáß ãÑÔÏ ÊÔÎíÕì,,100,,
Accessories,Óáß ãÑÔÏ ÊÔÎíÕì 260 Óã,,5,,
Accessories,ãÇäíİæáÏ,,100,,
Accessories,æÇì ßæäíßÊæÑ,,100,,
Accessories,ãäİÇÎ,,100,,
Accessories,æÕáÉ ÔÑíÇäíÉ,,100,,
Accessories,äíÏá,,20,,
Other,ãÇíßÑæßÇËÊÑ,,1,,
Other,ÓäíÑ ,,1,,
Other,ÌÑÇİÊ,,1,,
Other,ÌÇíÏáÇíäÑ,,1,,
Other,ŞÓØÑÉ ÔİØ,,2,,
Guidewires,Terumo 180 cm,,10,,Terumo
Guidewires,Terumo 260 cm,,2,,Terumo
Guidewires,PT2LS,,50,,Boston
Guidewires,PT2MS,,15,,Boston
Guidewires,BMW,,50,,Abbot
Guidewires,Floppy,,20,Shunmei,Shunmei
Guidewires,Floppy,,10,Runthrough,Terumo
Guidewires,Intermediate,,3,Runthrough,Terumo
Guidewires,Hypercoat,,3,Runthrough,Terumo
Guidewires,SION blue,,2,,ASAHI
Guidewires,SION black,,1,,ASAHI
Guidewires,FIELDER XT,,2,,ASAHI
Guidewires,FIELDER XT-R,,1,,ASAHI
Guidewires,FIELDER XT-A,,1,,ASAHI
Guidewires,FIELDER FC,,1,,ASAHI
Guidewires,FIELDER,,1,,ASAHI
Guidewires,Rinato,,1,,ASAHI
Guidewires,Gaia 1st,,1,,ASAHI
Guidewires,Gaia 2nd,,2,,ASAHI
Guidewires,Gaia 3rd,,2,,ASAHI
Guidewires,Gaia Next 1,,1,,ASAHI
Guidewires,Gaia Next 2,,2,,ASAHI
Guidewires,Gaia Next 3,,2,,ASAHI
Guidewires,Intermediate,,1,,ASAHI
Guidewires,Soft,,1,,ASAHI
Guidewires,PILOT 50,,2,,Abbot
Guidewires,PILOT 150,,2,,Abbot
Guidewires,PILOT 200,,2,,Abbot
Stents,Resolute Integrity,2.50×14,0,,Medtronic
Stents,Resolute Integrity,2.50×18,0,,Medtronic
Stents,Resolute Integrity,2.50×22,1,,Medtronic
Stents,Resolute Integrity,2.50×26,1,,Medtronic
Stents,Resolute Integrity,2.50×30,1,,Medtronic
Stents,Resolute Integrity,2.75×14,0,,Medtronic
Stents,Resolute Integrity,2.75×18,1,,Medtronic
Stents,Resolute Integrity,2.75×22,1,,Medtronic
Stents,Resolute Integrity,2.75×26,1,,Medtronic
Stents,Resolute Integrity,2.75×30,3,,Medtronic
Stents,Resolute Integrity,3.00×15,0,,Medtronic
Stents,Resolute Integrity,3.00×18,1,,Medtronic
Stents,Resolute Integrity,3.00×22,2,,Medtronic
Stents,Resolute Integrity,3.00×26,2,,Medtronic
Stents,Resolute Integrity,3.00×30,4,,Medtronic
Stents,Resolute Integrity,3.00×34,4,,Medtronic
Stents,Resolute Integrity,3.00×38,5,,Medtronic
Stents,Resolute Integrity,3.50×15,0,,Medtronic
Stents,Resolute Integrity,3.50×18,1,,Medtronic
Stents,Resolute Integrity,3.50×22,2,,Medtronic
Stents,Resolute Integrity,3.50×26,2,,Medtronic
Stents,Resolute Integrity,3.50×30,3,,Medtronic
Stents,Resolute Integrity,3.50×34,3,,Medtronic
Stents,Resolute Integrity,3.50×38,4,,Medtronic
Stents,Resolute Integrity,4.00×15,0,,Medtronic
Stents,Resolute Integrity,4.00×18,1,,Medtronic
Stents,Resolute Integrity,4.00×22,1,,Medtronic
Stents,Resolute Integrity,4.00×26,1,,Medtronic
Stents,Resolute Integrity,4.00×30,2,,Medtronic
Stents,Resolute Integrity,4.00×34,2,,Medtronic
Stents,Resolute Integrity,4.00×38,3,,Medtronic
Stents,Ultimaster,2.50×12,0,,Terumo
Stents,Ultimaster,2.50×15,0,,Terumo
Stents,Ultimaster,2.50×18,1,,Terumo
Stents,Ultimaster,2.50×21,1,,Terumo
Stents,Ultimaster,2.50×24,1,,Terumo
Stents,Ultimaster,2.50×28,1,,Terumo
Stents,Ultimaster,2.50×33,2,,Terumo
Stents,Ultimaster,2.50×38,2,,Terumo
Stents,Ultimaster,2.75×12,0,,Terumo
Stents,Ultimaster,2.75×15,0,,Terumo
Stents,Ultimaster,2.75×18,1,,Terumo
Stents,Ultimaster,2.75×21,2,,Terumo
Stents,Ultimaster,2.75×24,2,,Terumo
Stents,Ultimaster,2.75×28,3,,Terumo
Stents,Ultimaster,2.75×33,3,,Terumo
Stents,Ultimaster,2.75×38,3,,Terumo
Stents,Ultimaster,3.00×12,0,,Terumo
Stents,Ultimaster,3.00×15,0,,Terumo
Stents,Ultimaster,3.00×18,1,,Terumo
Stents,Ultimaster,3.00×21,2,,Terumo
Stents,Ultimaster,3.00×24,2,,Terumo
Stents,Ultimaster,3.00×28,3,,Terumo
Stents,Ultimaster,3.00×33,3,,Terumo
Stents,Ultimaster,3.00×38,3,,Terumo
Stents,Ultimaster,3.50×12,0,,Terumo
Stents,Ultimaster,3.50×15,0,,Terumo
Stents,Ultimaster,3.50×18,1,,Terumo
Stents,Ultimaster,3.50×21,2,,Terumo
Stents,Ultimaster,3.50×24,2,,Terumo
Stents,Ultimaster,3.50×28,3,,Terumo
Stents,Ultimaster,3.50×33,3,,Terumo
Stents,Ultimaster,3.50×38,3,,Terumo
Stents,Ultimaster,4.00×12,0,,Terumo
Stents,Ultimaster,4.00×15,0,,Terumo
Stents,Ultimaster,4.00×18,1,,Terumo
Stents,Ultimaster,4.00×21,2,,Terumo
Stents,Ultimaster,4.00×24,2,,Terumo
Stents,Ultimaster,4.00×28,2,,Terumo
Stents,Ultimaster,4.00×33,2,,Terumo
Stents,Ultimaster,4.00×38,2,,Terumo
Stents,Ultimaster Tansai,2.50×12,0,,Terumo
Stents,Ultimaster Tansai,2.50×15,0,,Terumo
Stents,Ultimaster Tansai,2.50×18,1,,Terumo
Stents,Ultimaster Tansai,2.50×21,1,,Terumo
Stents,Ultimaster Tansai,2.50×24,1,,Terumo
Stents,Ultimaster Tansai,2.50×28,1,,Terumo
Stents,Ultimaster Tansai,2.50×33,2,,Terumo
Stents,Ultimaster Tansai,2.50×38,2,,Terumo
Stents,Ultimaster Tansai,2.75×12,0,,Terumo
Stents,Ultimaster Tansai,2.75×15,0,,Terumo
Stents,Ultimaster Tansai,2.75×18,1,,Terumo
Stents,Ultimaster Tansai,2.75×21,2,,Terumo
Stents,Ultimaster Tansai,2.75×24,2,,Terumo
Stents,Ultimaster Tansai,2.75×28,3,,Terumo
Stents,Ultimaster Tansai,2.75×33,3,,Terumo
Stents,Ultimaster Tansai,2.75×38,3,,Terumo
Stents,Ultimaster Tansai,3.00×12,0,,Terumo
Stents,Ultimaster Tansai,3.00×15,0,,Terumo
Stents,Ultimaster Tansai,3.00×18,1,,Terumo
Stents,Ultimaster Tansai,3.00×21,2,,Terumo
Stents,Ultimaster Tansai,3.00×24,2,,Terumo
Stents,Ultimaster Tansai,3.00×28,3,,Terumo
Stents,Ultimaster Tansai,3.00×33,3,,Terumo
Stents,Ultimaster Tansai,3.00×38,3,,Terumo
Stents,Ultimaster Tansai,3.50×12,0,,Terumo
Stents,Ultimaster Tansai,3.50×15,0,,Terumo
Stents,Ultimaster Tansai,3.50×18,1,,Terumo
Stents,Ultimaster Tansai,3.50×21,2,,Terumo
Stents,Ultimaster Tansai,3.50×24,2,,Terumo
Stents,Ultimaster Tansai,3.50×28,3,,Terumo
Stents,Ultimaster Tansai,3.50×33,3,,Terumo
Stents,Ultimaster Tansai,3.50×38,3,,Terumo
Stents,Ultimaster Tansai,4.00×12,0,,Terumo
Stents,Ultimaster Tansai,4.00×15,0,,Terumo
Stents,Ultimaster Tansai,4.00×18,1,,Terumo
Stents,Ultimaster Tansai,4.00×21,2,,Terumo
Stents,Ultimaster Tansai,4.00×24,2,,Terumo
Stents,Ultimaster Tansai,4.00×28,2,,Terumo
Stents,Ultimaster Tansai,4.00×33,2,,Terumo
Stents,Ultimaster Tansai,4.00×38,2,,Terumo
Stents,Promus Elite,2.50×12,0,,Boston
Stents,Promus Elite,2.50×16,0,,Boston
Stents,Promus Elite,2.50×20,1,,Boston
Stents,Promus Elite,2.50×24,1,,Boston
Stents,Promus Elite,2.50×28,1,,Boston
Stents,Promus Elite,2.50×32,1,,Boston
Stents,Promus Elite,2.50×38,1,,Boston
Stents,Promus Elite,2.75×12,0,,Boston
Stents,Promus Elite,2.75×16,1,,Boston
Stents,Promus Elite,2.75×20,1,,Boston
Stents,Promus Elite,2.75×24,2,,Boston
Stents,Promus Elite,2.75×28,2,,Boston
Stents,Promus Elite,2.75×32,3,,Boston
Stents,Promus Elite,2.75×38,3,,Boston
Stents,Promus Elite,3.00×12,0,,Boston
Stents,Promus Elite,3.00×16,1,,Boston
Stents,Promus Elite,3.00×20,1,,Boston
Stents,Promus Elite,3.00×24,2,,Boston
Stents,Promus Elite,3.00×28,2,,Boston
Stents,Promus Elite,3.00×32,3,,Boston
Stents,Promus Elite,3.00×38,3,,Boston
Stents,Promus Elite,3.50×12,0,,Boston
Stents,Promus Elite,3.50×16,1,,Boston
Stents,Promus Elite,3.50×20,1,,Boston
Stents,Promus Elite,3.50×24,2,,Boston
Stents,Promus Elite,3.50×28,2,,Boston
Stents,Promus Elite,3.50×32,3,,Boston
Stents,Promus Elite,3.50×38,3,,Boston
Stents,Promus Elite,4.00×12,0,,Boston
Stents,Promus Elite,4.00×16,1,,Boston
Stents,Promus Elite,4.00×20,1,,Boston
Stents,Promus Elite,4.00×24,2,,Boston
Stents,Promus Elite,4.00×28,2,,Boston
Stents,Promus Elite,4.00×32,2,,Boston
Stents,Promus Elite,4.00×38,2,,Boston
Stents,Xience Alpine,2.25×12,0,,Abbot
Stents,Xience Alpine,2.25×15,0,,Abbot
Stents,Xience Alpine,2.25×18,1,,Abbot
Stents,Xience Alpine,2.25×23,1,,Abbot
Stents,Xience Alpine,2.25×28,1,,Abbot
Stents,Xience Alpine,2.50×12,0,,Abbot
Stents,Xience Alpine,2.50×15,0,,Abbot
Stents,Xience Alpine,2.50×18,1,,Abbot
Stents,Xience Alpine,2.50×23,1,,Abbot
Stents,Xience Alpine,2.50×28,1,,Abbot
Stents,Xience Alpine,2.50×33,1,,Abbot
Stents,Xience Alpine,2.50×38,1,,Abbot
Stents,Xience Alpine,2.75×12,0,,Abbot
Stents,Xience Alpine,2.75×15,0,,Abbot
Stents,Xience Alpine,2.75×18,1,,Abbot
Stents,Xience Alpine,2.75×23,2,,Abbot
Stents,Xience Alpine,2.75×28,2,,Abbot
Stents,Xience Alpine,2.75×33,3,,Abbot
Stents,Xience Alpine,2.75×38,3,,Abbot
Stents,Xience Alpine,3.00×12,0,,Abbot
Stents,Xience Alpine,3.00×15,0,,Abbot
Stents,Xience Alpine,3.00×18,1,,Abbot
Stents,Xience Alpine,3.00×23,2,,Abbot
Stents,Xience Alpine,3.00×28,2,,Abbot
Stents,Xience Alpine,3.00×33,3,,Abbot
Stents,Xience Alpine,3.00×38,3,,Abbot
Stents,Xience Alpine,3.50×12,0,,Abbot
Stents,Xience Alpine,3.50×15,0,,Abbot
Stents,Xience Alpine,3.50×18,1,,Abbot
Stents,Xience Alpine,3.50×23,2,,Abbot
Stents,Xience Alpine,3.50×28,2,,Abbot
Stents,Xience Alpine,3.50×33,3,,Abbot
Stents,Xience Alpine,3.50×38,3,,Abbot
Stents,Xience Alpine,4.00×12,0,,Abbot
Stents,Xience Alpine,4.00×15,0,,Abbot
Stents,Xience Alpine,4.00×18,1,,Abbot
Stents,Xience Alpine,4.00×23,2,,Abbot
Stents,Xience Alpine,4.00×28,2,,Abbot
Stents,Xience Alpine,4.00×33,2,,Abbot
Stents,Xience Alpine,4.00×38,2,,Abbot
Stents,Resolute Onyx,2.25×8,0,,Medtronic
Stents,Resolute Onyx,2.25×12,0,,Medtronic
Stents,Resolute Onyx,2.25×15,1,,Medtronic
Stents,Resolute Onyx,2.25×18,1,,Medtronic
Stents,Resolute Onyx,2.25×22,1,,Medtronic
Stents,Resolute Onyx,2.25×26,1,,Medtronic
Stents,Resolute Onyx,2.25×30,1,,Medtronic
Stents,Resolute Onyx,2.25×34,1,,Medtronic
Stents,Resolute Onyx,2.25×38,1,,Medtronic
Stents,Resolute Onyx,2.50×8,0,,Medtronic
Stents,Resolute Onyx,2.50×12,0,,Medtronic
Stents,Resolute Onyx,2.50×15,1,,Medtronic
Stents,Resolute Onyx,2.50×18,1,,Medtronic
Stents,Resolute Onyx,2.50×22,1,,Medtronic
Stents,Resolute Onyx,2.50×26,1,,Medtronic
Stents,Resolute Onyx,2.50×30,2,,Medtronic
Stents,Resolute Onyx,2.50×34,2,,Medtronic
Stents,Resolute Onyx,2.50×38,2,,Medtronic
Stents,Resolute Onyx,2.75×8,0,,Medtronic
Stents,Resolute Onyx,2.75×12,0,,Medtronic
Stents,Resolute Onyx,2.75×15,1,,Medtronic
Stents,Resolute Onyx,2.75×18,1,,Medtronic
Stents,Resolute Onyx,2.75×22,2,,Medtronic
Stents,Resolute Onyx,2.75×26,2,,Medtronic
Stents,Resolute Onyx,2.75×30,3,,Medtronic
Stents,Resolute Onyx,2.75×34,3,,Medtronic
Stents,Resolute Onyx,2.75×38,3,,Medtronic
Stents,Resolute Onyx,3.00×8,0,,Medtronic
Stents,Resolute Onyx,3.00×12,0,,Medtronic
Stents,Resolute Onyx,3.00×15,1,,Medtronic
Stents,Resolute Onyx,3.00×18,1,,Medtronic
Stents,Resolute Onyx,3.00×22,2,,Medtronic
Stents,Resolute Onyx,3.00×26,2,,Medtronic
Stents,Resolute Onyx,3.00×30,3,,Medtronic
Stents,Resolute Onyx,3.00×34,3,,Medtronic
Stents,Resolute Onyx,3.00×38,3,,Medtronic
Stents,Resolute Onyx,3.50×8,0,,Medtronic
Stents,Resolute Onyx,3.50×12,0,,Medtronic
Stents,Resolute Onyx,3.50×15,1,,Medtronic
Stents,Resolute Onyx,3.50×18,1,,Medtronic
Stents,Resolute Onyx,3.50×22,2,,Medtronic
Stents,Resolute Onyx,3.50×26,2,,Medtronic
Stents,Resolute Onyx,3.50×30,3,,Medtronic
Stents,Resolute Onyx,3.50×34,3,,Medtronic
Stents,Resolute Onyx,3.50×38,3,,Medtronic
Stents,Resolute Onyx,4.00×8,0,,Medtronic
Stents,Resolute Onyx,4.00×12,0,,Medtronic
Stents,Resolute Onyx,4.00×15,1,,Medtronic
Stents,Resolute Onyx,4.00×18,1,,Medtronic
Stents,Resolute Onyx,4.00×22,2,,Medtronic
Stents,Resolute Onyx,4.00×26,2,,Medtronic
Stents,Resolute Onyx,4.00×30,3,,Medtronic
Stents,Resolute Onyx,4.00×34,3,,Medtronic
Stents,Resolute Onyx,4.00×38,3,,Medtronic
Stents,Resolute Onyx,4.50×12,1,,Medtronic
Stents,Resolute Onyx,4.50×15,1,,Medtronic
Stents,Resolute Onyx,4.50×18,1,,Medtronic
Stents,Resolute Onyx,4.50×22,1,,Medtronic
Stents,Resolute Onyx,4.50×26,1,,Medtronic
Stents,Resolute Onyx,4.50×30,1,,Medtronic
Stents,Resolute Onyx,5.00×12,1,,Medtronic
Stents,Resolute Onyx,5.00×15,1,,Medtronic
Stents,Resolute Onyx,5.00×18,1,,Medtronic
Stents,Resolute Onyx,5.00×22,0,,Medtronic
Stents,Resolute Onyx,5.00×26,0,,Medtronic
Stents,Resolute Onyx,5.00×30,1,,Medtronic
Stents,Xience Xpedition,2.50×48,2,,Abbot
Stents,Xience Xpedition,2.75×48,3,,Abbot
Stents,Xience Xpedition,3.00×48,3,,Abbot
Stents,Xience Xpedition,3.50×48,3,,Abbot
Stents,Synergy,2.25×12,0,,Boston
Stents,Synergy,2.25×16,0,,Boston
Stents,Synergy,2.25×20,1,,Boston
Stents,Synergy,2.25×24,1,,Boston
Stents,Synergy,2.25×28,1,,Boston
Stents,Synergy,2.25×32,1,,Boston
Stents,Synergy,2.25×38,1,,Boston
Stents,Synergy,2.50×12,0,,Boston
Stents,Synergy,2.50×16,0,,Boston
Stents,Synergy,2.50×20,1,,Boston
Stents,Synergy,2.50×24,1,,Boston
Stents,Synergy,2.50×28,1,,Boston
Stents,Synergy,2.50×32,1,,Boston
Stents,Synergy,2.50×38,1,,Boston
Stents,Synergy,2.50×48,2,,Boston
Stents,Synergy,2.75×12,0,,Boston
Stents,Synergy,2.75×16,1,,Boston
Stents,Synergy,2.75×20,1,,Boston
Stents,Synergy,2.75×24,2,,Boston
Stents,Synergy,2.75×28,2,,Boston
Stents,Synergy,2.75×32,3,,Boston
Stents,Synergy,2.75×38,3,,Boston
Stents,Synergy,2.75×48,3,,Boston
Stents,Synergy,3.00×12,0,,Boston
Stents,Synergy,3.00×16,1,,Boston
Stents,Synergy,3.00×20,1,,Boston
Stents,Synergy,3.00×24,2,,Boston
Stents,Synergy,3.00×28,2,,Boston
Stents,Synergy,3.00×32,3,,Boston
Stents,Synergy,3.00×38,3,,Boston
Stents,Synergy,3.00×48,3,,Boston
Stents,Synergy,3.50×12,0,,Boston
Stents,Synergy,3.50×16,1,,Boston
Stents,Synergy,3.50×20,1,,Boston
Stents,Synergy,3.50×24,2,,Boston
Stents,Synergy,3.50×28,2,,Boston
Stents,Synergy,3.50×32,3,,Boston
Stents,Synergy,3.50×38,3,,Boston
Stents,Synergy,3.50×48,3,,Boston
Stents,Synergy,4.00×12,0,,Boston
Stents,Synergy,4.00×16,1,,Boston
Stents,Synergy,4.00×20,1,,Boston
Stents,Synergy,4.00×24,2,,Boston
Stents,Synergy,4.00×28,2,,Boston
Stents,Synergy,4.00×32,3,,Boston
Stents,Synergy,4.00×38,3,,Boston
Stents,Synergy,4.00×48,3,,Boston
Stents,Synergy,4.50×12,1,,Boston
Stents,Synergy,4.50×16,1,,Boston
Stents,Synergy,4.50×20,0,,Boston
Stents,Synergy,4.50×24,0,,Boston
Stents,Synergy,4.50×28,0,,Boston
Stents,Synergy,4.50×32,0,,Boston
Stents,Synergy,5.00×12,1,,Boston
Stents,Synergy,5.00×16,1,,Boston
Stents,Synergy,5.00×20,0,,Boston
Stents,Synergy,5.00×24,0,,Boston
Stents,Synergy,5.00×28,0,,Boston
Stents,Synergy,5.00×32,1,,Boston
Stents,Onyx TruCor,2.25×8,0,,Medtronic
Stents,Onyx TruCor,2.25×12,0,,Medtronic
Stents,Onyx TruCor,2.25×15,1,,Medtronic
Stents,Onyx TruCor,2.25×18,1,,Medtronic
Stents,Onyx TruCor,2.25×22,1,,Medtronic
Stents,Onyx TruCor,2.25×26,1,,Medtronic
Stents,Onyx TruCor,2.25×30,1,,Medtronic
Stents,Onyx TruCor,2.25×34,1,,Medtronic
Stents,Onyx TruCor,2.25×38,1,,Medtronic
Stents,Onyx TruCor,2.50×8,0,,Medtronic
Stents,Onyx TruCor,2.50×12,0,,Medtronic
Stents,Onyx TruCor,2.50×15,1,,Medtronic
Stents,Onyx TruCor,2.50×18,1,,Medtronic
Stents,Onyx TruCor,2.50×22,1,,Medtronic
Stents,Onyx TruCor,2.50×26,1,,Medtronic
Stents,Onyx TruCor,2.50×30,2,,Medtronic
Stents,Onyx TruCor,2.50×34,2,,Medtronic
Stents,Onyx TruCor,2.50×38,2,,Medtronic
Stents,Onyx TruCor,2.75×8,0,,Medtronic
Stents,Onyx TruCor,2.75×12,0,,Medtronic
Stents,Onyx TruCor,2.75×15,1,,Medtronic
Stents,Onyx TruCor,2.75×18,1,,Medtronic
Stents,Onyx TruCor,2.75×22,2,,Medtronic
Stents,Onyx TruCor,2.75×26,2,,Medtronic
Stents,Onyx TruCor,2.75×30,3,,Medtronic
Stents,Onyx TruCor,2.75×34,3,,Medtronic
Stents,Onyx TruCor,2.75×38,3,,Medtronic
Stents,Onyx TruCor,3.00×8,0,,Medtronic
Stents,Onyx TruCor,3.00×12,0,,Medtronic
Stents,Onyx TruCor,3.00×15,1,,Medtronic
Stents,Onyx TruCor,3.00×18,1,,Medtronic
Stents,Onyx TruCor,3.00×22,2,,Medtronic
Stents,Onyx TruCor,3.00×26,2,,Medtronic
Stents,Onyx TruCor,3.00×30,3,,Medtronic
Stents,Onyx TruCor,3.00×34,3,,Medtronic
Stents,Onyx TruCor,3.00×38,3,,Medtronic
Stents,Onyx TruCor,3.50×8,0,,Medtronic
Stents,Onyx TruCor,3.50×12,0,,Medtronic
Stents,Onyx TruCor,3.50×15,1,,Medtronic
Stents,Onyx TruCor,3.50×18,1,,Medtronic
Stents,Onyx TruCor,3.50×22,2,,Medtronic
Stents,Onyx TruCor,3.50×26,2,,Medtronic
Stents,Onyx TruCor,3.50×30,3,,Medtronic
Stents,Onyx TruCor,3.50×34,3,,Medtronic
Stents,Onyx TruCor,3.50×38,3,,Medtronic
Stents,Onyx TruCor,4.00×8,0,,Medtronic
Stents,Onyx TruCor,4.00×12,0,,Medtronic
Stents,Onyx TruCor,4.00×15,1,,Medtronic
Stents,Onyx TruCor,4.00×18,1,,Medtronic
Stents,Onyx TruCor,4.00×22,2,,Medtronic
Stents,Onyx TruCor,4.00×26,2,,Medtronic
Stents,Onyx TruCor,4.00×30,3,,Medtronic
Stents,Onyx TruCor,4.00×34,3,,Medtronic
Stents,Onyx TruCor,4.00×38,3,,Medtronic
Drug-Coated Balloons,Agent,2.00×20,1,,Boston
Drug-Coated Balloons,Agent,2.00×30,1,,Boston
Drug-Coated Balloons,Agent,2.25×20,1,,Boston
Drug-Coated Balloons,Agent,2.25×30,1,,Boston
Drug-Coated Balloons,Agent,2.50×20,1,,Boston
Drug-Coated Balloons,Agent,2.50×30,1,,Boston
Drug-Coated Balloons,Agent,2.75×20,1,,Boston
Drug-Coated Balloons,Agent,2.75×30,1,,Boston
Drug-Coated Balloons,Agent,3.00×20,1,,Boston
Drug-Coated Balloons,Agent,3.00×30,1,,Boston
Drug-Coated Balloons,Agent,3.50×18,1,,Boston
Drug-Coated Balloons,Agent,3.50×20,1,,Boston
Drug-Coated Balloons,Agent,4.00×20,1,,Boston
Drug-Coated Balloons,Agent,4.00×30,1,,Boston
Drug-Coated Balloons,Essential Pro,1.50×10,1,,iVascular
Drug-Coated Balloons,Essential Pro,1.50×15,1,,iVascular
Drug-Coated Balloons,Essential Pro,1.50×20,1,,iVascular
Drug-Coated Balloons,Essential Pro,1.50×30,1,,iVascular
Drug-Coated Balloons,Essential Pro,2.00×10,1,,iVascular
Drug-Coated Balloons,Essential Pro,2.00×15,1,,iVascular
Drug-Coated Balloons,Essential Pro,2.00×20,1,,iVascular
Drug-Coated Balloons,Essential Pro,2.00×25,1,,iVascular
Drug-Coated Balloons,Essential Pro,2.00×30,1,,iVascular
Drug-Coated Balloons,Essential Pro,2.00×40,1,,iVascular
Drug-Coated Balloons,Essential Pro,2.25×10,1,,iVascular
Drug-Coated Balloons,Essential Pro,2.25×15,1,,iVascular
Drug-Coated Balloons,Essential Pro,2.25×20,1,,iVascular
Drug-Coated Balloons,Essential Pro,2.25×25,1,,iVascular
Drug-Coated Balloons,Essential Pro,2.25×30,1,,iVascular
Drug-Coated Balloons,Essential Pro,2.25×40,1,,iVascular
Drug-Coated Balloons,Essential Pro,2.50×10,1,,iVascular
Drug-Coated Balloons,Essential Pro,2.50×15,1,,iVascular
Drug-Coated Balloons,Essential Pro,2.50×20,1,,iVascular
Drug-Coated Balloons,Essential Pro,2.50×25,1,,iVascular
Drug-Coated Balloons,Essential Pro,2.50×30,1,,iVascular
Drug-Coated Balloons,Essential Pro,2.50×40,1,,iVascular
Drug-Coated Balloons,Essential Pro,2.75×10,1,,iVascular
Drug-Coated Balloons,Essential Pro,2.75×15,1,,iVascular
Drug-Coated Balloons,Essential Pro,2.75×20,1,,iVascular
Drug-Coated Balloons,Essential Pro,2.75×25,1,,iVascular
Drug-Coated Balloons,Essential Pro,2.75×30,1,,iVascular
Drug-Coated Balloons,Essential Pro,2.75×40,1,,iVascular
Drug-Coated Balloons,Essential Pro,3.00×10,1,,iVascular
Drug-Coated Balloons,Essential Pro,3.00×15,1,,iVascular
Drug-Coated Balloons,Essential Pro,3.00×20,1,,iVascular
Drug-Coated Balloons,Essential Pro,3.00×25,1,,iVascular
Drug-Coated Balloons,Essential Pro,3.00×30,1,,iVascular
Drug-Coated Balloons,Essential Pro,3.00×40,1,,iVascular
Drug-Coated Balloons,Essential Pro,3.25×10,1,,iVascular
Drug-Coated Balloons,Essential Pro,3.25×15,1,,iVascular
Drug-Coated Balloons,Essential Pro,3.25×20,1,,iVascular
Drug-Coated Balloons,Essential Pro,3.25×25,1,,iVascular
Drug-Coated Balloons,Essential Pro,3.25×30,1,,iVascular
Drug-Coated Balloons,Essential Pro,3.25×40,1,,iVascular
Drug-Coated Balloons,Essential Pro,3.50×10,1,,iVascular
Drug-Coated Balloons,Essential Pro,3.50×15,1,,iVascular
Drug-Coated Balloons,Essential Pro,3.50×20,1,,iVascular
Drug-Coated Balloons,Essential Pro,3.50×25,1,,iVascular
Drug-Coated Balloons,Essential Pro,3.50×30,1,,iVascular
Drug-Coated Balloons,Essential Pro,3.50×40,1,,iVascular
Drug-Coated Balloons,Essential Pro,3.75×10,1,,iVascular
Drug-Coated Balloons,Essential Pro,3.75×15,1,,iVascular
Drug-Coated Balloons,Essential Pro,3.75×20,1,,iVascular
Drug-Coated Balloons,Essential Pro,3.75×25,1,,iVascular
Drug-Coated Balloons,Essential Pro,3.75×30,1,,iVascular
Drug-Coated Balloons,Essential Pro,3.75×40,1,,iVascular
Drug-Coated Balloons,Essential Pro,4.00×10,1,,iVascular
Drug-Coated Balloons,Essential Pro,4.00×15,1,,iVascular
Drug-Coated Balloons,Essential Pro,4.00×20,1,,iVascular
Drug-Coated Balloons,Essential Pro,4.00×25,1,,iVascular
Drug-Coated Balloons,Essential Pro,4.00×30,1,,iVascular
Drug-Coated Balloons,Essential Pro,4.00×40,1,,iVascular
Drug-Coated Balloons,Essential Pro,4.50×10,1,,iVascular
Drug-Coated Balloons,Essential Pro,4.50×15,1,,iVascular
Drug-Coated Balloons,Essential Pro,4.50×20,1,,iVascular
Drug-Coated Balloons,Essential Pro,4.50×25,1,,iVascular
Drug-Coated Balloons,Essential Pro,4.50×30,1,,iVascular
Drug-Coated Balloons,Essential Pro,4.50×40,1,,iVascular
SC Balloon,ÈÇáæäÉ ÚÇÏíÉ,1.00×8,0,,
SC Balloon,ÈÇáæäÉ ÚÇÏíÉ,1.00×10,1,,
SC Balloon,ÈÇáæäÉ ÚÇÏíÉ,1.00×12,1,,
SC Balloon,ÈÇáæäÉ ÚÇÏíÉ,1.00×15,1,,
SC Balloon,ÈÇáæäÉ ÚÇÏíÉ,1.00×18,1,,
SC Balloon,ÈÇáæäÉ ÚÇÏíÉ,1.00×20,1,,
SC Balloon,ÈÇáæäÉ ÚÇÏíÉ,1.00×25,0,,
SC Balloon,ÈÇáæäÉ ÚÇÏíÉ,1.25×8,0,,
SC Balloon,ÈÇáæäÉ ÚÇÏíÉ,1.25×10,1,,
SC Balloon,ÈÇáæäÉ ÚÇÏíÉ,1.25×12,1,,
SC Balloon,ÈÇáæäÉ ÚÇÏíÉ,1.25×15,1,,
SC Balloon,ÈÇáæäÉ ÚÇÏíÉ,1.25×18,1,,
SC Balloon,ÈÇáæäÉ ÚÇÏíÉ,1.25×20,1,,
SC Balloon,ÈÇáæäÉ ÚÇÏíÉ,1.25×25,0,,
SC Balloon,ÈÇáæäÉ ÚÇÏíÉ,1.50×8,0,,
SC Balloon,ÈÇáæäÉ ÚÇÏíÉ,1.50×10,1,,
SC Balloon,ÈÇáæäÉ ÚÇÏíÉ,1.50×12,1,,
SC Balloon,ÈÇáæäÉ ÚÇÏíÉ,1.50×15,1,,
SC Balloon,ÈÇáæäÉ ÚÇÏíÉ,1.50×18,1,,
SC Balloon,ÈÇáæäÉ ÚÇÏíÉ,1.50×20,1,,
SC Balloon,ÈÇáæäÉ ÚÇÏíÉ,1.50×25,1,,
SC Balloon,ÈÇáæäÉ ÚÇÏíÉ,2.00×8,1,,
SC Balloon,ÈÇáæäÉ ÚÇÏíÉ,2.00×10,1,,
SC Balloon,ÈÇáæäÉ ÚÇÏíÉ,2.00×12,1,,
SC Balloon,ÈÇáæäÉ ÚÇÏíÉ,2.00×15,1,,
SC Balloon,ÈÇáæäÉ ÚÇÏíÉ,2.00×18,1,,
SC Balloon,ÈÇáæäÉ ÚÇÏíÉ,2.00×20,15,,
SC Balloon,ÈÇáæäÉ ÚÇÏíÉ,2.00×25,1,,
SC Balloon,ÈÇáæäÉ ÚÇÏíÉ,2.25×8,1,,
SC Balloon,ÈÇáæäÉ ÚÇÏíÉ,2.25×10,1,,
SC Balloon,ÈÇáæäÉ ÚÇÏíÉ,2.25×12,1,,
SC Balloon,ÈÇáæäÉ ÚÇÏíÉ,2.25×15,1,,
SC Balloon,ÈÇáæäÉ ÚÇÏíÉ,2.25×18,1,,
SC Balloon,ÈÇáæäÉ ÚÇÏíÉ,2.25×20,1,,
SC Balloon,ÈÇáæäÉ ÚÇÏíÉ,2.25×25,1,,
SC Balloon,ÈÇáæäÉ ÚÇÏíÉ,2.50×8,1,,
SC Balloon,ÈÇáæäÉ ÚÇÏíÉ,2.50×10,1,,
SC Balloon,ÈÇáæäÉ ÚÇÏíÉ,2.50×12,1,,
SC Balloon,ÈÇáæäÉ ÚÇÏíÉ,2.50×15,1,,
SC Balloon,ÈÇáæäÉ ÚÇÏíÉ,2.50×18,1,,
SC Balloon,ÈÇáæäÉ ÚÇÏíÉ,2.50×20,1,,
SC Balloon,ÈÇáæäÉ ÚÇÏíÉ,2.50×25,1,,
SC Balloon,ÈÇáæäÉ ÚÇÏíÉ,2.75×8,1,,
SC Balloon,ÈÇáæäÉ ÚÇÏíÉ,2.75×10,1,,
SC Balloon,ÈÇáæäÉ ÚÇÏíÉ,2.75×12,1,,
SC Balloon,ÈÇáæäÉ ÚÇÏíÉ,2.75×15,1,,
SC Balloon,ÈÇáæäÉ ÚÇÏíÉ,2.75×18,1,,
SC Balloon,ÈÇáæäÉ ÚÇÏíÉ,2.75×20,1,,
SC Balloon,ÈÇáæäÉ ÚÇÏíÉ,2.75×25,1,,
SC Balloon,ÈÇáæäÉ ÚÇÏíÉ,3.00×8,1,,
SC Balloon,ÈÇáæäÉ ÚÇÏíÉ,3.00×10,1,,
SC Balloon,ÈÇáæäÉ ÚÇÏíÉ,3.00×12,1,,
SC Balloon,ÈÇáæäÉ ÚÇÏíÉ,3.00×15,1,,
SC Balloon,ÈÇáæäÉ ÚÇÏíÉ,3.00×18,1,,
SC Balloon,ÈÇáæäÉ ÚÇÏíÉ,3.00×20,1,,
SC Balloon,ÈÇáæäÉ ÚÇÏíÉ,3.00×25,1,,
NC Balloon,ÈÇáæäÉ NC,2.75×8,1,,
NC Balloon,ÈÇáæäÉ NC,2.75×10,1,,
NC Balloon,ÈÇáæäÉ NC,2.75×12,1,,
NC Balloon,ÈÇáæäÉ NC,2.75×15,1,,
NC Balloon,ÈÇáæäÉ NC,2.75×18,1,,
NC Balloon,ÈÇáæäÉ NC,2.75×20,1,,
NC Balloon,ÈÇáæäÉ NC,3.00×8,1,,
NC Balloon,ÈÇáæäÉ NC,3.00×10,1,,
NC Balloon,ÈÇáæäÉ NC,3.00×12,1,,
NC Balloon,ÈÇáæäÉ NC,3.00×15,1,,
NC Balloon,ÈÇáæäÉ NC,3.00×18,1,,
NC Balloon,ÈÇáæäÉ NC,3.00×20,1,,
NC Balloon,ÈÇáæäÉ NC,3.25×8,1,,
NC Balloon,ÈÇáæäÉ NC,3.25×10,1,,
NC Balloon,ÈÇáæäÉ NC,3.25×12,1,,
NC Balloon,ÈÇáæäÉ NC,3.25×15,1,,
NC Balloon,ÈÇáæäÉ NC,3.25×18,1,,
NC Balloon,ÈÇáæäÉ NC,3.25×20,1,,
NC Balloon,ÈÇáæäÉ NC,3.50×8,1,,
NC Balloon,ÈÇáæäÉ NC,3.50×10,1,,
NC Balloon,ÈÇáæäÉ NC,3.50×12,1,,
NC Balloon,ÈÇáæäÉ NC,3.50×15,1,,
NC Balloon,ÈÇáæäÉ NC,3.50×18,1,,
NC Balloon,ÈÇáæäÉ NC,3.50×20,1,,
NC Balloon,ÈÇáæäÉ NC,3.75×8,1,,
NC Balloon,ÈÇáæäÉ NC,3.75×10,1,,
NC Balloon,ÈÇáæäÉ NC,3.75×12,1,,
NC Balloon,ÈÇáæäÉ NC,3.75×15,1,,
NC Balloon,ÈÇáæäÉ NC,3.75×18,1,,
NC Balloon,ÈÇáæäÉ NC,3.75×20,1,,
NC Balloon,ÈÇáæäÉ NC,4.00×8,1,,
NC Balloon,ÈÇáæäÉ NC,4.00×10,1,,
NC Balloon,ÈÇáæäÉ NC,4.00×12,1,,
NC Balloon,ÈÇáæäÉ NC,4.00×15,1,,
NC Balloon,ÈÇáæäÉ NC,4.00×18,1,,
NC Balloon,ÈÇáæäÉ NC,4.00×20,1,,
NC Balloon,ÈÇáæäÉ NC,4.50×8,1,,
NC Balloon,ÈÇáæäÉ NC,4.50×10,1,,
NC Balloon,ÈÇáæäÉ NC,4.50×12,1,,
NC Balloon,ÈÇáæäÉ NC,4.50×15,1,,
NC Balloon,ÈÇáæäÉ NC,4.50×18,1,,
NC Balloon,ÈÇáæäÉ NC,4.50×20,1,,
NC Balloon,ÈÇáæäÉ NC,5.00×8,1,,
NC Balloon,ÈÇáæäÉ NC,5.00×10,1,,
NC Balloon,ÈÇáæäÉ NC,5.00×12,1,,
NC Balloon,ÈÇáæäÉ NC,5.00×15,1,,
NC Balloon,ÈÇáæäÉ NC,5.00×18,1,,
NC Balloon,ÈÇáæäÉ NC,5.00×20,1,,
NC Balloon,ÈÇáæäÉ NC,5.50×8,1,,
NC Balloon,ÈÇáæäÉ NC,5.50×10,1,,
NC Balloon,ÈÇáæäÉ NC,5.50×12,1,,
NC Balloon,ÈÇáæäÉ NC,5.50×15,1,,
NC Balloon,ÈÇáæäÉ NC,5.50×18,1,,
NC Balloon,ÈÇáæäÉ NC,5.50×20,1,,
NC Balloon,ÈÇáæäÉ NC,6.00×8,1,,
NC Balloon,ÈÇáæäÉ NC,6.00×10,1,,
NC Balloon,ÈÇáæäÉ NC,6.00×12,1,,
NC Balloon,ÈÇáæäÉ NC,6.00×15,1,,
NC Balloon,ÈÇáæäÉ NC,6.00×18,1,,
NC Balloon,ÈÇáæäÉ NC,6.00×20,1,,
CTO Balloon,ÈÇáæäÉ CTO,0.75×20,1,,
CTO Balloon,ÈÇáæäÉ CTO,0.80×20,1,,
